year,file_type,file_name,file_type_std,file_name_std,n_rows,n_cols,col_pos,col_names_man,col_names_std,full_file_name
2010,Impressions,ImpNationalTV.tsv,impressions,imp_national_tv,16964222,48,,,,/mnt/sata_data_1/adintel/ADINTEL_DATA_2010/nielsen_extracts/AdIntel/2010/Impressions/ImpNationalTV.tsv
2010,Impressions,ImpSpotRadio.tsv,impressions,imp_spot_radio,45835200,24,,,,/mnt/sata_data_1/adintel/ADINTEL_DATA_2010/nielsen_extracts/AdIntel/2010/Impressions/ImpSpotRadio.tsv
2010,Impressions,ImpSpotTV.tsv,impressions,imp_spot_tv,7068061,29,,,,/mnt/sata_data_1/adintel/ADINTEL_DATA_2010/nielsen_extracts/AdIntel/2010/Impressions/ImpSpotTV.tsv
2010,Market_Breaks,IMPMarketBreaks.tsv,market_breaks,imp_market_breaks,41852464,42,,,,/mnt/sata_data_1/adintel/ADINTEL_DATA_2010/nielsen_extracts/AdIntel/2010/Market_Breaks/IMPMarketBreaks.tsv
2010,Occurrences,Cinema.tsv,occurrences,cinema,0,14,,,,/mnt/sata_data_1/adintel/ADINTEL_DATA_2010/nielsen_extracts/AdIntel/2010/Occurrences/Cinema.tsv
2010,Occurrences,FSICoupon.tsv,occurrences,fsi_coupon,455617,14,,,,/mnt/sata_data_1/adintel/ADINTEL_DATA_2010/nielsen_extracts/AdIntel/2010/Occurrences/FSICoupon.tsv
2010,Occurrences,Internet.tsv,occurrences,internet,5735544,10,,,,/mnt/sata_data_1/adintel/ADINTEL_DATA_2010/nielsen_extracts/AdIntel/2010/Occurrences/Internet.tsv
2010,Occurrences,Magazine.tsv,occurrences,magazine,206699,23,,,,/mnt/sata_data_1/adintel/ADINTEL_DATA_2010/nielsen_extracts/AdIntel/2010/Occurrences/Magazine.tsv
2010,Occurrences,NetworkTV.tsv,occurrences,network_tv,23847740,30,,,,/mnt/sata_data_1/adintel/ADINTEL_DATA_2010/nielsen_extracts/AdIntel/2010/Occurrences/NetworkTV.tsv
2010,Occurrences,Newspaper.tsv,occurrences,newspaper,1907250,13,,,,/mnt/sata_data_1/adintel/ADINTEL_DATA_2010/nielsen_extracts/AdIntel/2010/Occurrences/Newspaper.tsv
2010,Occurrences,Outdoor.tsv,occurrences,outdoor,810950,10,,,,/mnt/sata_data_1/adintel/ADINTEL_DATA_2010/nielsen_extracts/AdIntel/2010/Occurrences/Outdoor.tsv
2010,Occurrences,Radio.tsv,occurrences,radio,45842712,14,,,,/mnt/sata_data_1/adintel/ADINTEL_DATA_2010/nielsen_extracts/AdIntel/2010/Occurrences/Radio.tsv
2010,Occurrences,SpotTV.tsv,occurrences,spot_tv,233657787,23,,,,/mnt/sata_data_1/adintel/ADINTEL_DATA_2010/nielsen_extracts/AdIntel/2010/Occurrences/SpotTV.tsv
2010,References,Advertiser.tsv,references,advertiser,358446,4,,,,/mnt/sata_data_1/adintel/ADINTEL_DATA_2010/nielsen_extracts/AdIntel/2010/References/Advertiser.tsv
2010,References,Brand.tsv,references,brand,459632,7,,,,/mnt/sata_data_1/adintel/ADINTEL_DATA_2010/nielsen_extracts/AdIntel/2010/References/Brand.tsv
2010,References,CinemaAdType.tsv,references,cinema_ad_type,0,2,,,,/mnt/sata_data_1/adintel/ADINTEL_DATA_2010/nielsen_extracts/AdIntel/2010/References/CinemaAdType.tsv
2010,References,CreativeDescription.tsv,references,creative_description,284935,2,,,,/mnt/sata_data_1/adintel/ADINTEL_DATA_2010/nielsen_extracts/AdIntel/2010/References/CreativeDescription.tsv
2010,References,Distributor.tsv,references,distributor,5446,9,,,,/mnt/sata_data_1/adintel/ADINTEL_DATA_2010/nielsen_extracts/AdIntel/2010/References/Distributor.tsv
2010,References,MagazineGenre.tsv,references,magazine_genre,144,2,,,,/mnt/sata_data_1/adintel/ADINTEL_DATA_2010/nielsen_extracts/AdIntel/2010/References/MagazineGenre.tsv
2010,References,OutdoorAdType.tsv,references,outdoor_ad_type,1,2,,,,/mnt/sata_data_1/adintel/ADINTEL_DATA_2010/nielsen_extracts/AdIntel/2010/References/OutdoorAdType.tsv
2010,References,ProductCategories.tsv,references,product_categories,2311,8,,,,/mnt/sata_data_1/adintel/ADINTEL_DATA_2010/nielsen_extracts/AdIntel/2010/References/ProductCategories.tsv
2010,References,Publisher.tsv,references,publisher,427,2,,,,/mnt/sata_data_1/adintel/ADINTEL_DATA_2010/nielsen_extracts/AdIntel/2010/References/Publisher.tsv
2010,References,TV_Program.tsv,references,tv_program,28482,6,,,,/mnt/sata_data_1/adintel/ADINTEL_DATA_2010/nielsen_extracts/AdIntel/2010/References/TV_Program.tsv
2010,Universe_Estimates,UEMarketBreaks.tsv,universe_estimates,ue_market_breaks,15406,34,,,,/mnt/sata_data_1/adintel/ADINTEL_DATA_2010/nielsen_extracts/AdIntel/2010/Universe_Estimates/UEMarketBreaks.tsv
2010,Universe_Estimates,UENationalTV.tsv,universe_estimates,ue_national_tv,22,41,,,,/mnt/sata_data_1/adintel/ADINTEL_DATA_2010/nielsen_extracts/AdIntel/2010/Universe_Estimates/UENationalTV.tsv
2010,Universe_Estimates,UESpotRadio.tsv,universe_estimates,ue_spot_radio,1652,20,,,,/mnt/sata_data_1/adintel/ADINTEL_DATA_2010/nielsen_extracts/AdIntel/2010/Universe_Estimates/UESpotRadio.tsv
2010,Universe_Estimates,UESpotTV.tsv,universe_estimates,ue_spot_tv,4620,24,,,,/mnt/sata_data_1/adintel/ADINTEL_DATA_2010/nielsen_extracts/AdIntel/2010/Universe_Estimates/UESpotTV.tsv
2011,Impressions,ImpNationalTV.tsv,impressions,imp_national_tv,19258968,48,,,,/mnt/sata_data_1/adintel/ADINTEL_DATA_2011/nielsen_extracts/AdIntel/2011/Impressions/ImpNationalTV.tsv
2011,Impressions,ImpSpotRadio.tsv,impressions,imp_spot_radio,45853300,24,,,,/mnt/sata_data_1/adintel/ADINTEL_DATA_2011/nielsen_extracts/AdIntel/2011/Impressions/ImpSpotRadio.tsv
2011,Impressions,ImpSpotTV.tsv,impressions,imp_spot_tv,7200193,29,,,,/mnt/sata_data_1/adintel/ADINTEL_DATA_2011/nielsen_extracts/AdIntel/2011/Impressions/ImpSpotTV.tsv
2011,Market_Breaks,IMPMarketBreaks.tsv,market_breaks,imp_market_breaks,48135350,42,,,,/mnt/sata_data_1/adintel/ADINTEL_DATA_2011/nielsen_extracts/AdIntel/2011/Market_Breaks/IMPMarketBreaks.tsv
2011,Occurrences,Cinema.tsv,occurrences,cinema,0,14,,,,/mnt/sata_data_1/adintel/ADINTEL_DATA_2011/nielsen_extracts/AdIntel/2011/Occurrences/Cinema.tsv
2011,Occurrences,FSICoupon.tsv,occurrences,fsi_coupon,422702,14,,,,/mnt/sata_data_1/adintel/ADINTEL_DATA_2011/nielsen_extracts/AdIntel/2011/Occurrences/FSICoupon.tsv
2011,Occurrences,Internet.tsv,occurrences,internet,6424054,10,,,,/mnt/sata_data_1/adintel/ADINTEL_DATA_2011/nielsen_extracts/AdIntel/2011/Occurrences/Internet.tsv
2011,Occurrences,Magazine.tsv,occurrences,magazine,201343,23,,,,/mnt/sata_data_1/adintel/ADINTEL_DATA_2011/nielsen_extracts/AdIntel/2011/Occurrences/Magazine.tsv
2011,Occurrences,NetworkTV.tsv,occurrences,network_tv,27248187,30,,,,/mnt/sata_data_1/adintel/ADINTEL_DATA_2011/nielsen_extracts/AdIntel/2011/Occurrences/NetworkTV.tsv
2011,Occurrences,Newspaper.tsv,occurrences,newspaper,1742005,13,,,,/mnt/sata_data_1/adintel/ADINTEL_DATA_2011/nielsen_extracts/AdIntel/2011/Occurrences/Newspaper.tsv
2011,Occurrences,Outdoor.tsv,occurrences,outdoor,843107,10,,,,/mnt/sata_data_1/adintel/ADINTEL_DATA_2011/nielsen_extracts/AdIntel/2011/Occurrences/Outdoor.tsv
2011,Occurrences,Radio.tsv,occurrences,radio,46046831,14,,,,/mnt/sata_data_1/adintel/ADINTEL_DATA_2011/nielsen_extracts/AdIntel/2011/Occurrences/Radio.tsv
2011,Occurrences,SpotTV.tsv,occurrences,spot_tv,257765189,23,,,,/mnt/sata_data_1/adintel/ADINTEL_DATA_2011/nielsen_extracts/AdIntel/2011/Occurrences/SpotTV.tsv
2011,References,Advertiser.tsv,references,advertiser,500146,4,,,,/mnt/sata_data_1/adintel/ADINTEL_DATA_2011/nielsen_extracts/AdIntel/2011/References/Advertiser.tsv
2011,References,Brand.tsv,references,brand,649536,7,,,,/mnt/sata_data_1/adintel/ADINTEL_DATA_2011/nielsen_extracts/AdIntel/2011/References/Brand.tsv
2011,References,CinemaAdType.tsv,references,cinema_ad_type,0,2,,,,/mnt/sata_data_1/adintel/ADINTEL_DATA_2011/nielsen_extracts/AdIntel/2011/References/CinemaAdType.tsv
2011,References,CreativeDescription.tsv,references,creative_description,512480,2,,,,/mnt/sata_data_1/adintel/ADINTEL_DATA_2011/nielsen_extracts/AdIntel/2011/References/CreativeDescription.tsv
2011,References,Distributor.tsv,references,distributor,5685,9,,,,/mnt/sata_data_1/adintel/ADINTEL_DATA_2011/nielsen_extracts/AdIntel/2011/References/Distributor.tsv
2011,References,MagazineGenre.tsv,references,magazine_genre,144,2,,,,/mnt/sata_data_1/adintel/ADINTEL_DATA_2011/nielsen_extracts/AdIntel/2011/References/MagazineGenre.tsv
2011,References,OutdoorAdType.tsv,references,outdoor_ad_type,18,2,,,,/mnt/sata_data_1/adintel/ADINTEL_DATA_2011/nielsen_extracts/AdIntel/2011/References/OutdoorAdType.tsv
2011,References,ProductCategories.tsv,references,product_categories,2362,8,,,,/mnt/sata_data_1/adintel/ADINTEL_DATA_2011/nielsen_extracts/AdIntel/2011/References/ProductCategories.tsv
2011,References,Publisher.tsv,references,publisher,429,2,,,,/mnt/sata_data_1/adintel/ADINTEL_DATA_2011/nielsen_extracts/AdIntel/2011/References/Publisher.tsv
2011,References,TV_Program.tsv,references,tv_program,45519,6,,,,/mnt/sata_data_1/adintel/ADINTEL_DATA_2011/nielsen_extracts/AdIntel/2011/References/TV_Program.tsv
2011,Universe_Estimates,UEMarketBreaks.tsv,universe_estimates,ue_market_breaks,15523,34,,,,/mnt/sata_data_1/adintel/ADINTEL_DATA_2011/nielsen_extracts/AdIntel/2011/Universe_Estimates/UEMarketBreaks.tsv
2011,Universe_Estimates,UENationalTV.tsv,universe_estimates,ue_national_tv,22,41,,,,/mnt/sata_data_1/adintel/ADINTEL_DATA_2011/nielsen_extracts/AdIntel/2011/Universe_Estimates/UENationalTV.tsv
2011,Universe_Estimates,UESpotRadio.tsv,universe_estimates,ue_spot_radio,1695,20,,,,/mnt/sata_data_1/adintel/ADINTEL_DATA_2011/nielsen_extracts/AdIntel/2011/Universe_Estimates/UESpotRadio.tsv
2011,Universe_Estimates,UESpotTV.tsv,universe_estimates,ue_spot_tv,4620,24,,,,/mnt/sata_data_1/adintel/ADINTEL_DATA_2011/nielsen_extracts/AdIntel/2011/Universe_Estimates/UESpotTV.tsv
2012,Impressions,ImpNationalTV.tsv,impressions,imp_national_tv,19893824,48,,,,/mnt/sata_data_1/adintel/ADINTEL_DATA_2012/nielsen_extracts/AdIntel/2012/Impressions/ImpNationalTV.tsv
2012,Impressions,ImpSpotRadio.tsv,impressions,imp_spot_radio,48832528,24,,,,/mnt/sata_data_1/adintel/ADINTEL_DATA_2012/nielsen_extracts/AdIntel/2012/Impressions/ImpSpotRadio.tsv
2012,Impressions,ImpSpotTV.tsv,impressions,imp_spot_tv,7649642,29,,,,/mnt/sata_data_1/adintel/ADINTEL_DATA_2012/nielsen_extracts/AdIntel/2012/Impressions/ImpSpotTV.tsv
2012,Market_Breaks,IMPMarketBreaks.tsv,market_breaks,imp_market_breaks,52964729,42,,,,/mnt/sata_data_1/adintel/ADINTEL_DATA_2012/nielsen_extracts/AdIntel/2012/Market_Breaks/IMPMarketBreaks.tsv
2012,Occurrences,Cinema.tsv,occurrences,cinema,0,14,,,,/mnt/sata_data_1/adintel/ADINTEL_DATA_2012/nielsen_extracts/AdIntel/2012/Occurrences/Cinema.tsv
2012,Occurrences,FSICoupon.tsv,occurrences,fsi_coupon,401800,14,,,,/mnt/sata_data_1/adintel/ADINTEL_DATA_2012/nielsen_extracts/AdIntel/2012/Occurrences/FSICoupon.tsv
2012,Occurrences,Internet.tsv,occurrences,internet,7118972,10,,,,/mnt/sata_data_1/adintel/ADINTEL_DATA_2012/nielsen_extracts/AdIntel/2012/Occurrences/Internet.tsv
2012,Occurrences,Magazine.tsv,occurrences,magazine,192542,23,,,,/mnt/sata_data_1/adintel/ADINTEL_DATA_2012/nielsen_extracts/AdIntel/2012/Occurrences/Magazine.tsv
2012,Occurrences,NetworkTV.tsv,occurrences,network_tv,28903345,30,,,,/mnt/sata_data_1/adintel/ADINTEL_DATA_2012/nielsen_extracts/AdIntel/2012/Occurrences/NetworkTV.tsv
2012,Occurrences,Newspaper.tsv,occurrences,newspaper,1708942,13,,,,/mnt/sata_data_1/adintel/ADINTEL_DATA_2012/nielsen_extracts/AdIntel/2012/Occurrences/Newspaper.tsv
2012,Occurrences,Outdoor.tsv,occurrences,outdoor,1033417,10,,,,/mnt/sata_data_1/adintel/ADINTEL_DATA_2012/nielsen_extracts/AdIntel/2012/Occurrences/Outdoor.tsv
2012,Occurrences,Radio.tsv,occurrences,radio,49106819,14,,,,/mnt/sata_data_1/adintel/ADINTEL_DATA_2012/nielsen_extracts/AdIntel/2012/Occurrences/Radio.tsv
2012,Occurrences,SpotTV.tsv,occurrences,spot_tv,275628737,23,,,,/mnt/sata_data_1/adintel/ADINTEL_DATA_2012/nielsen_extracts/AdIntel/2012/Occurrences/SpotTV.tsv
2012,References,Advertiser.tsv,references,advertiser,625079,4,,,,/mnt/sata_data_1/adintel/ADINTEL_DATA_2012/nielsen_extracts/AdIntel/2012/References/Advertiser.tsv
2012,References,Brand.tsv,references,brand,815554,7,,,,/mnt/sata_data_1/adintel/ADINTEL_DATA_2012/nielsen_extracts/AdIntel/2012/References/Brand.tsv
2012,References,CinemaAdType.tsv,references,cinema_ad_type,0,2,,,,/mnt/sata_data_1/adintel/ADINTEL_DATA_2012/nielsen_extracts/AdIntel/2012/References/CinemaAdType.tsv
2012,References,CreativeDescription.tsv,references,creative_description,727652,2,,,,/mnt/sata_data_1/adintel/ADINTEL_DATA_2012/nielsen_extracts/AdIntel/2012/References/CreativeDescription.tsv
2012,References,Distributor.tsv,references,distributor,5900,9,,,,/mnt/sata_data_1/adintel/ADINTEL_DATA_2012/nielsen_extracts/AdIntel/2012/References/Distributor.tsv
2012,References,MagazineGenre.tsv,references,magazine_genre,144,2,,,,/mnt/sata_data_1/adintel/ADINTEL_DATA_2012/nielsen_extracts/AdIntel/2012/References/MagazineGenre.tsv
2012,References,OutdoorAdType.tsv,references,outdoor_ad_type,22,2,,,,/mnt/sata_data_1/adintel/ADINTEL_DATA_2012/nielsen_extracts/AdIntel/2012/References/OutdoorAdType.tsv
2012,References,ProductCategories.tsv,references,product_categories,2379,8,,,,/mnt/sata_data_1/adintel/ADINTEL_DATA_2012/nielsen_extracts/AdIntel/2012/References/ProductCategories.tsv
2012,References,Publisher.tsv,references,publisher,443,2,,,,/mnt/sata_data_1/adintel/ADINTEL_DATA_2012/nielsen_extracts/AdIntel/2012/References/Publisher.tsv
2012,References,TV_Program.tsv,references,tv_program,63276,6,,,,/mnt/sata_data_1/adintel/ADINTEL_DATA_2012/nielsen_extracts/AdIntel/2012/References/TV_Program.tsv
2012,Universe_Estimates,UEMarketBreaks.tsv,universe_estimates,ue_market_breaks,15523,34,,,,/mnt/sata_data_1/adintel/ADINTEL_DATA_2012/nielsen_extracts/AdIntel/2012/Universe_Estimates/UEMarketBreaks.tsv
2012,Universe_Estimates,UENationalTV.tsv,universe_estimates,ue_national_tv,22,41,,,,/mnt/sata_data_1/adintel/ADINTEL_DATA_2012/nielsen_extracts/AdIntel/2012/Universe_Estimates/UENationalTV.tsv
2012,Universe_Estimates,UESpotRadio.tsv,universe_estimates,ue_spot_radio,1695,20,,,,/mnt/sata_data_1/adintel/ADINTEL_DATA_2012/nielsen_extracts/AdIntel/2012/Universe_Estimates/UESpotRadio.tsv
2012,Universe_Estimates,UESpotTV.tsv,universe_estimates,ue_spot_tv,4620,24,,,,/mnt/sata_data_1/adintel/ADINTEL_DATA_2012/nielsen_extracts/AdIntel/2012/Universe_Estimates/UESpotTV.tsv
2013,Impressions,ImpNationalTV.tsv,impressions,imp_national_tv,20246142,48,,,,/mnt/sata_data_1/adintel/ADINTEL_DATA_2013/nielsen_extracts/AdIntel/2013/Impressions/ImpNationalTV.tsv
2013,Impressions,ImpSpotRadio.tsv,impressions,imp_spot_radio,52152026,24,,,,/mnt/sata_data_1/adintel/ADINTEL_DATA_2013/nielsen_extracts/AdIntel/2013/Impressions/ImpSpotRadio.tsv
2013,Impressions,ImpSpotTV.tsv,impressions,imp_spot_tv,8669661,29,,,,/mnt/sata_data_1/adintel/ADINTEL_DATA_2013/nielsen_extracts/AdIntel/2013/Impressions/ImpSpotTV.tsv
2013,Market_Breaks,IMPMarketBreaks.tsv,market_breaks,imp_market_breaks,54569389,42,,,,/mnt/sata_data_1/adintel/ADINTEL_DATA_2013/nielsen_extracts/AdIntel/2013/Market_Breaks/IMPMarketBreaks.tsv
2013,Occurrences,Cinema.tsv,occurrences,cinema,71997,14,,,,/mnt/sata_data_1/adintel/ADINTEL_DATA_2013/nielsen_extracts/AdIntel/2013/Occurrences/Cinema.tsv
2013,Occurrences,FSICoupon.tsv,occurrences,fsi_coupon,384918,14,,,,/mnt/sata_data_1/adintel/ADINTEL_DATA_2013/nielsen_extracts/AdIntel/2013/Occurrences/FSICoupon.tsv
2013,Occurrences,Internet.tsv,occurrences,internet,4192493,10,,,,/mnt/sata_data_1/adintel/ADINTEL_DATA_2013/nielsen_extracts/AdIntel/2013/Occurrences/Internet.tsv
2013,Occurrences,Magazine.tsv,occurrences,magazine,193780,23,,,,/mnt/sata_data_1/adintel/ADINTEL_DATA_2013/nielsen_extracts/AdIntel/2013/Occurrences/Magazine.tsv
2013,Occurrences,NetworkTV.tsv,occurrences,network_tv,30713421,30,,,,/mnt/sata_data_1/adintel/ADINTEL_DATA_2013/nielsen_extracts/AdIntel/2013/Occurrences/NetworkTV.tsv
2013,Occurrences,Newspaper.tsv,occurrences,newspaper,2095056,13,,,,/mnt/sata_data_1/adintel/ADINTEL_DATA_2013/nielsen_extracts/AdIntel/2013/Occurrences/Newspaper.tsv
2013,Occurrences,Outdoor.tsv,occurrences,outdoor,1083511,10,,,,/mnt/sata_data_1/adintel/ADINTEL_DATA_2013/nielsen_extracts/AdIntel/2013/Occurrences/Outdoor.tsv
2013,Occurrences,Radio.tsv,occurrences,radio,52286391,14,,,,/mnt/sata_data_1/adintel/ADINTEL_DATA_2013/nielsen_extracts/AdIntel/2013/Occurrences/Radio.tsv
2013,Occurrences,SpotTV.tsv,occurrences,spot_tv,272390966,23,,,,/mnt/sata_data_1/adintel/ADINTEL_DATA_2013/nielsen_extracts/AdIntel/2013/Occurrences/SpotTV.tsv
2013,References,Advertiser.tsv,references,advertiser,741833,4,,,,/mnt/sata_data_1/adintel/ADINTEL_DATA_2013/nielsen_extracts/AdIntel/2013/References/Advertiser.tsv
2013,References,Brand.tsv,references,brand,971947,7,,,,/mnt/sata_data_1/adintel/ADINTEL_DATA_2013/nielsen_extracts/AdIntel/2013/References/Brand.tsv
2013,References,CinemaAdType.tsv,references,cinema_ad_type,0,2,,,,/mnt/sata_data_1/adintel/ADINTEL_DATA_2013/nielsen_extracts/AdIntel/2013/References/CinemaAdType.tsv
2013,References,CreativeDescription.tsv,references,creative_description,936312,2,,,,/mnt/sata_data_1/adintel/ADINTEL_DATA_2013/nielsen_extracts/AdIntel/2013/References/CreativeDescription.tsv
2013,References,Distributor.tsv,references,distributor,6059,9,,,,/mnt/sata_data_1/adintel/ADINTEL_DATA_2013/nielsen_extracts/AdIntel/2013/References/Distributor.tsv
2013,References,MagazineGenre.tsv,references,magazine_genre,144,2,,,,/mnt/sata_data_1/adintel/ADINTEL_DATA_2013/nielsen_extracts/AdIntel/2013/References/MagazineGenre.tsv
2013,References,OutdoorAdType.tsv,references,outdoor_ad_type,24,2,,,,/mnt/sata_data_1/adintel/ADINTEL_DATA_2013/nielsen_extracts/AdIntel/2013/References/OutdoorAdType.tsv
2013,References,ProductCategories.tsv,references,product_categories,2399,8,,,,/mnt/sata_data_1/adintel/ADINTEL_DATA_2013/nielsen_extracts/AdIntel/2013/References/ProductCategories.tsv
2013,References,Publisher.tsv,references,publisher,447,2,,,,/mnt/sata_data_1/adintel/ADINTEL_DATA_2013/nielsen_extracts/AdIntel/2013/References/Publisher.tsv
2013,References,TV_Program.tsv,references,tv_program,82229,6,,,,/mnt/sata_data_1/adintel/ADINTEL_DATA_2013/nielsen_extracts/AdIntel/2013/References/TV_Program.tsv
2013,Universe_Estimates,UEMarketBreaks.tsv,universe_estimates,ue_market_breaks,15640,34,,,,/mnt/sata_data_1/adintel/ADINTEL_DATA_2013/nielsen_extracts/AdIntel/2013/Universe_Estimates/UEMarketBreaks.tsv
2013,Universe_Estimates,UENationalTV.tsv,universe_estimates,ue_national_tv,22,41,,,,/mnt/sata_data_1/adintel/ADINTEL_DATA_2013/nielsen_extracts/AdIntel/2013/Universe_Estimates/UENationalTV.tsv
2013,Universe_Estimates,UESpotRadio.tsv,universe_estimates,ue_spot_radio,1695,20,,,,/mnt/sata_data_1/adintel/ADINTEL_DATA_2013/nielsen_extracts/AdIntel/2013/Universe_Estimates/UESpotRadio.tsv
2013,Universe_Estimates,UESpotTV.tsv,universe_estimates,ue_spot_tv,4620,24,,,,/mnt/sata_data_1/adintel/ADINTEL_DATA_2013/nielsen_extracts/AdIntel/2013/Universe_Estimates/UESpotTV.tsv
2014,Impressions,ImpNationalTV.tsv,impressions,imp_national_tv,20990204,48,,,,/mnt/sata_data_1/adintel/ADINTEL_DATA_2014/nielsen_extracts/AdIntel/2014/Impressions/ImpNationalTV.tsv
2014,Impressions,ImpSpotRadio.tsv,impressions,imp_spot_radio,54435712,24,,,,/mnt/sata_data_1/adintel/ADINTEL_DATA_2014/nielsen_extracts/AdIntel/2014/Impressions/ImpSpotRadio.tsv
2014,Impressions,ImpSpotTV.tsv,impressions,imp_spot_tv,7883876,29,,,,/mnt/sata_data_1/adintel/ADINTEL_DATA_2014/nielsen_extracts/AdIntel/2014/Impressions/ImpSpotTV.tsv
2014,Market_Breaks,IMPMarketBreaks.tsv,market_breaks,imp_market_breaks,56066159,42,,,,/mnt/sata_data_1/adintel/ADINTEL_DATA_2014/nielsen_extracts/AdIntel/2014/Market_Breaks/IMPMarketBreaks.tsv
2014,Occurrences,Cinema.tsv,occurrences,cinema,97928,14,,,,/mnt/sata_data_1/adintel/ADINTEL_DATA_2014/nielsen_extracts/AdIntel/2014/Occurrences/Cinema.tsv
2014,Occurrences,FSICoupon.tsv,occurrences,fsi_coupon,383464,14,,,,/mnt/sata_data_1/adintel/ADINTEL_DATA_2014/nielsen_extracts/AdIntel/2014/Occurrences/FSICoupon.tsv
2014,Occurrences,Internet.tsv,occurrences,internet,1752205,10,,,,/mnt/sata_data_1/adintel/ADINTEL_DATA_2014/nielsen_extracts/AdIntel/2014/Occurrences/Internet.tsv
2014,Occurrences,Magazine.tsv,occurrences,magazine,187846,23,,,,/mnt/sata_data_1/adintel/ADINTEL_DATA_2014/nielsen_extracts/AdIntel/2014/Occurrences/Magazine.tsv
2014,Occurrences,NetworkTV.tsv,occurrences,network_tv,32464474,30,,,,/mnt/sata_data_1/adintel/ADINTEL_DATA_2014/nielsen_extracts/AdIntel/2014/Occurrences/NetworkTV.tsv
2014,Occurrences,Newspaper.tsv,occurrences,newspaper,1974587,13,,,,/mnt/sata_data_1/adintel/ADINTEL_DATA_2014/nielsen_extracts/AdIntel/2014/Occurrences/Newspaper.tsv
2014,Occurrences,Outdoor.tsv,occurrences,outdoor,1104113,10,,,,/mnt/sata_data_1/adintel/ADINTEL_DATA_2014/nielsen_extracts/AdIntel/2014/Occurrences/Outdoor.tsv
2014,Occurrences,Radio.tsv,occurrences,radio,54440694,14,,,,/mnt/sata_data_1/adintel/ADINTEL_DATA_2014/nielsen_extracts/AdIntel/2014/Occurrences/Radio.tsv
2014,Occurrences,SpotTV.tsv,occurrences,spot_tv,272519382,23,,,,/mnt/sata_data_1/adintel/ADINTEL_DATA_2014/nielsen_extracts/AdIntel/2014/Occurrences/SpotTV.tsv
2014,References,Advertiser.tsv,references,advertiser,844821,4,,,,/mnt/sata_data_1/adintel/ADINTEL_DATA_2014/nielsen_extracts/AdIntel/2014/References/Advertiser.tsv
2014,References,Brand.tsv,references,brand,1114407,7,,,,/mnt/sata_data_1/adintel/ADINTEL_DATA_2014/nielsen_extracts/AdIntel/2014/References/Brand.tsv
2014,References,CinemaAdType.tsv,references,cinema_ad_type,2,2,,,,/mnt/sata_data_1/adintel/ADINTEL_DATA_2014/nielsen_extracts/AdIntel/2014/References/CinemaAdType.tsv
2014,References,CreativeDescription.tsv,references,creative_description,1140373,2,,,,/mnt/sata_data_1/adintel/ADINTEL_DATA_2014/nielsen_extracts/AdIntel/2014/References/CreativeDescription.tsv
2014,References,Distributor.tsv,references,distributor,6141,9,,,,/mnt/sata_data_1/adintel/ADINTEL_DATA_2014/nielsen_extracts/AdIntel/2014/References/Distributor.tsv
2014,References,MagazineGenre.tsv,references,magazine_genre,144,2,,,,/mnt/sata_data_1/adintel/ADINTEL_DATA_2014/nielsen_extracts/AdIntel/2014/References/MagazineGenre.tsv
2014,References,OutdoorAdType.tsv,references,outdoor_ad_type,22,2,,,,/mnt/sata_data_1/adintel/ADINTEL_DATA_2014/nielsen_extracts/AdIntel/2014/References/OutdoorAdType.tsv
2014,References,ProductCategories.tsv,references,product_categories,2410,8,,,,/mnt/sata_data_1/adintel/ADINTEL_DATA_2014/nielsen_extracts/AdIntel/2014/References/ProductCategories.tsv
2014,References,Publisher.tsv,references,publisher,455,2,,,,/mnt/sata_data_1/adintel/ADINTEL_DATA_2014/nielsen_extracts/AdIntel/2014/References/Publisher.tsv
2014,References,TV_Program.tsv,references,tv_program,101692,6,,,,/mnt/sata_data_1/adintel/ADINTEL_DATA_2014/nielsen_extracts/AdIntel/2014/References/TV_Program.tsv
2014,Universe_Estimates,.~lock.UENationalTV.tsv#,universe_estimates,na,-1,5,,,,/mnt/sata_data_1/adintel/ADINTEL_DATA_2014/nielsen_extracts/AdIntel/2014/Universe_Estimates/.~lock.UENationalTV.tsv#
2014,Universe_Estimates,UEMarketBreaks.tsv,universe_estimates,ue_market_breaks,15640,34,,,,/mnt/sata_data_1/adintel/ADINTEL_DATA_2014/nielsen_extracts/AdIntel/2014/Universe_Estimates/UEMarketBreaks.tsv
2014,Universe_Estimates,UENationalTV.tsv,universe_estimates,ue_national_tv,22,41,,,,/mnt/sata_data_1/adintel/ADINTEL_DATA_2014/nielsen_extracts/AdIntel/2014/Universe_Estimates/UENationalTV.tsv
2014,Universe_Estimates,UESpotRadio.tsv,universe_estimates,ue_spot_radio,1695,20,,,,/mnt/sata_data_1/adintel/ADINTEL_DATA_2014/nielsen_extracts/AdIntel/2014/Universe_Estimates/UESpotRadio.tsv
2014,Universe_Estimates,UESpotTV.tsv,universe_estimates,ue_spot_tv,4620,24,,,,/mnt/sata_data_1/adintel/ADINTEL_DATA_2014/nielsen_extracts/AdIntel/2014/Universe_Estimates/UESpotTV.tsv
2015,Impressions,ImpNationalTV.tsv,impressions,imp_national_tv,21184216,48,,,,/mnt/sata_data_1/adintel/ADINTEL_DATA_2015/nielsen_extracts/AdIntel/2015/Impressions/ImpNationalTV.tsv
2015,Impressions,ImpSpotRadio.tsv,impressions,imp_spot_radio,57353863,24,,,,/mnt/sata_data_1/adintel/ADINTEL_DATA_2015/nielsen_extracts/AdIntel/2015/Impressions/ImpSpotRadio.tsv
2015,Impressions,ImpSpotTV.tsv,impressions,imp_spot_tv,7891884,29,,,,/mnt/sata_data_1/adintel/ADINTEL_DATA_2015/nielsen_extracts/AdIntel/2015/Impressions/ImpSpotTV.tsv
2015,Market_Breaks,IMPMarketBreaks.tsv,market_breaks,imp_market_breaks,57929602,42,,,,/mnt/sata_data_1/adintel/ADINTEL_DATA_2015/nielsen_extracts/AdIntel/2015/Market_Breaks/IMPMarketBreaks.tsv
2015,Occurrences,Cinema.tsv,occurrences,cinema,84473,14,,,,/mnt/sata_data_1/adintel/ADINTEL_DATA_2015/nielsen_extracts/AdIntel/2015/Occurrences/Cinema.tsv
2015,Occurrences,FSICoupon.tsv,occurrences,fsi_coupon,375024,14,,,,/mnt/sata_data_1/adintel/ADINTEL_DATA_2015/nielsen_extracts/AdIntel/2015/Occurrences/FSICoupon.tsv
2015,Occurrences,Internet.tsv,occurrences,internet,997762,10,,,,/mnt/sata_data_1/adintel/ADINTEL_DATA_2015/nielsen_extracts/AdIntel/2015/Occurrences/Internet.tsv
2015,Occurrences,Magazine.tsv,occurrences,magazine,171745,23,,,,/mnt/sata_data_1/adintel/ADINTEL_DATA_2015/nielsen_extracts/AdIntel/2015/Occurrences/Magazine.tsv
2015,Occurrences,NetworkTV.tsv,occurrences,network_tv,33970377,30,,,,/mnt/sata_data_1/adintel/ADINTEL_DATA_2015/nielsen_extracts/AdIntel/2015/Occurrences/NetworkTV.tsv
2015,Occurrences,Newspaper.tsv,occurrences,newspaper,1730280,13,,,,/mnt/sata_data_1/adintel/ADINTEL_DATA_2015/nielsen_extracts/AdIntel/2015/Occurrences/Newspaper.tsv
2015,Occurrences,Outdoor.tsv,occurrences,outdoor,1110845,10,,,,/mnt/sata_data_1/adintel/ADINTEL_DATA_2015/nielsen_extracts/AdIntel/2015/Occurrences/Outdoor.tsv
2015,Occurrences,Radio.tsv,occurrences,radio,57352029,14,,,,/mnt/sata_data_1/adintel/ADINTEL_DATA_2015/nielsen_extracts/AdIntel/2015/Occurrences/Radio.tsv
2015,Occurrences,SpotTV.tsv,occurrences,spot_tv,274801700,23,,,,/mnt/sata_data_1/adintel/ADINTEL_DATA_2015/nielsen_extracts/AdIntel/2015/Occurrences/SpotTV.tsv
2015,References,Advertiser.tsv,references,advertiser,938496,4,,,,/mnt/sata_data_1/adintel/ADINTEL_DATA_2015/nielsen_extracts/AdIntel/2015/References/Advertiser.tsv
2015,References,Brand.tsv,references,brand,1242594,7,,,,/mnt/sata_data_1/adintel/ADINTEL_DATA_2015/nielsen_extracts/AdIntel/2015/References/Brand.tsv
2015,References,CinemaAdType.tsv,references,cinema_ad_type,2,2,,,,/mnt/sata_data_1/adintel/ADINTEL_DATA_2015/nielsen_extracts/AdIntel/2015/References/CinemaAdType.tsv
2015,References,CreativeDescription.tsv,references,creative_description,1334748,2,,,,/mnt/sata_data_1/adintel/ADINTEL_DATA_2015/nielsen_extracts/AdIntel/2015/References/CreativeDescription.tsv
2015,References,Distributor.tsv,references,distributor,6268,9,,,,/mnt/sata_data_1/adintel/ADINTEL_DATA_2015/nielsen_extracts/AdIntel/2015/References/Distributor.tsv
2015,References,MagazineGenre.tsv,references,magazine_genre,144,2,,,,/mnt/sata_data_1/adintel/ADINTEL_DATA_2015/nielsen_extracts/AdIntel/2015/References/MagazineGenre.tsv
2015,References,OutdoorAdType.tsv,references,outdoor_ad_type,23,2,,,,/mnt/sata_data_1/adintel/ADINTEL_DATA_2015/nielsen_extracts/AdIntel/2015/References/OutdoorAdType.tsv
2015,References,ProductCategories.tsv,references,product_categories,2419,8,,,,/mnt/sata_data_1/adintel/ADINTEL_DATA_2015/nielsen_extracts/AdIntel/2015/References/ProductCategories.tsv
2015,References,Publisher.tsv,references,publisher,455,2,,,,/mnt/sata_data_1/adintel/ADINTEL_DATA_2015/nielsen_extracts/AdIntel/2015/References/Publisher.tsv
2015,References,TV_Program.tsv,references,tv_program,122064,6,,,,/mnt/sata_data_1/adintel/ADINTEL_DATA_2015/nielsen_extracts/AdIntel/2015/References/TV_Program.tsv
2015,Universe_Estimates,UEMarketBreaks.tsv,universe_estimates,ue_market_breaks,16225,34,,,,/mnt/sata_data_1/adintel/ADINTEL_DATA_2015/nielsen_extracts/AdIntel/2015/Universe_Estimates/UEMarketBreaks.tsv
2015,Universe_Estimates,UENationalTV.tsv,universe_estimates,ue_national_tv,22,41,,,,/mnt/sata_data_1/adintel/ADINTEL_DATA_2015/nielsen_extracts/AdIntel/2015/Universe_Estimates/UENationalTV.tsv
2015,Universe_Estimates,UESpotRadio.tsv,universe_estimates,ue_spot_radio,1781,20,,,,/mnt/sata_data_1/adintel/ADINTEL_DATA_2015/nielsen_extracts/AdIntel/2015/Universe_Estimates/UESpotRadio.tsv
2015,Universe_Estimates,UESpotTV.tsv,universe_estimates,ue_spot_tv,4620,24,,,,/mnt/sata_data_1/adintel/ADINTEL_DATA_2015/nielsen_extracts/AdIntel/2015/Universe_Estimates/UESpotTV.tsv
2016,Impressions,ImpNationalTV.tsv,impressions,imp_national_tv,21171336,48,,,,/mnt/sata_data_1/adintel/ADINTEL_DATA_2016/nielsen_extracts/AdIntel/2016/Impressions/ImpNationalTV.tsv
2016,Impressions,ImpSpotRadio.tsv,impressions,imp_spot_radio,57706804,24,,,,/mnt/sata_data_1/adintel/ADINTEL_DATA_2016/nielsen_extracts/AdIntel/2016/Impressions/ImpSpotRadio.tsv
2016,Impressions,ImpSpotTV.tsv,impressions,imp_spot_tv,10465455,29,,,,/mnt/sata_data_1/adintel/ADINTEL_DATA_2016/nielsen_extracts/AdIntel/2016/Impressions/ImpSpotTV.tsv
2016,Market_Breaks,IMPMarketBreaks.tsv,market_breaks,imp_market_breaks,57689951,42,,,,/mnt/sata_data_1/adintel/ADINTEL_DATA_2016/nielsen_extracts/AdIntel/2016/Market_Breaks/IMPMarketBreaks.tsv
2016,Occurrences,Cinema.tsv,occurrences,cinema,88027,14,,,,/mnt/sata_data_1/adintel/ADINTEL_DATA_2016/nielsen_extracts/AdIntel/2016/Occurrences/Cinema.tsv
2016,Occurrences,FSICoupon.tsv,occurrences,fsi_coupon,415399,14,,,,/mnt/sata_data_1/adintel/ADINTEL_DATA_2016/nielsen_extracts/AdIntel/2016/Occurrences/FSICoupon.tsv
2016,Occurrences,Internet.tsv,occurrences,internet,489657,10,,,,/mnt/sata_data_1/adintel/ADINTEL_DATA_2016/nielsen_extracts/AdIntel/2016/Occurrences/Internet.tsv
2016,Occurrences,Magazine.tsv,occurrences,magazine,146519,23,,,,/mnt/sata_data_1/adintel/ADINTEL_DATA_2016/nielsen_extracts/AdIntel/2016/Occurrences/Magazine.tsv
2016,Occurrences,NetworkTV.tsv,occurrences,network_tv,35129828,30,,,,/mnt/sata_data_1/adintel/ADINTEL_DATA_2016/nielsen_extracts/AdIntel/2016/Occurrences/NetworkTV.tsv
2016,Occurrences,Newspaper.tsv,occurrences,newspaper,1509205,13,,,,/mnt/sata_data_1/adintel/ADINTEL_DATA_2016/nielsen_extracts/AdIntel/2016/Occurrences/Newspaper.tsv
2016,Occurrences,Outdoor.tsv,occurrences,outdoor,1114282,10,,,,/mnt/sata_data_1/adintel/ADINTEL_DATA_2016/nielsen_extracts/AdIntel/2016/Occurrences/Outdoor.tsv
2016,Occurrences,Radio.tsv,occurrences,radio,57714699,14,,,,/mnt/sata_data_1/adintel/ADINTEL_DATA_2016/nielsen_extracts/AdIntel/2016/Occurrences/Radio.tsv
2016,Occurrences,SpotTV.tsv,occurrences,spot_tv,287854684,23,,,,/mnt/sata_data_1/adintel/ADINTEL_DATA_2016/nielsen_extracts/AdIntel/2016/Occurrences/SpotTV.tsv
2016,References,Advertiser.tsv,references,advertiser,1017963,4,,,,/mnt/sata_data_1/adintel/ADINTEL_DATA_2016/nielsen_extracts/AdIntel/2016/References/Advertiser.tsv
2016,References,Brand.tsv,references,brand,1347513,7,,,,/mnt/sata_data_1/adintel/ADINTEL_DATA_2016/nielsen_extracts/AdIntel/2016/References/Brand.tsv
2016,References,CinemaAdType.tsv,references,cinema_ad_type,2,2,,,,/mnt/sata_data_1/adintel/ADINTEL_DATA_2016/nielsen_extracts/AdIntel/2016/References/CinemaAdType.tsv
2016,References,CreativeDescription.tsv,references,creative_description,1535271,2,,,,/mnt/sata_data_1/adintel/ADINTEL_DATA_2016/nielsen_extracts/AdIntel/2016/References/CreativeDescription.tsv
2016,References,Distributor.tsv,references,distributor,6314,9,,,,/mnt/sata_data_1/adintel/ADINTEL_DATA_2016/nielsen_extracts/AdIntel/2016/References/Distributor.tsv
2016,References,MagazineGenre.tsv,references,magazine_genre,144,2,,,,/mnt/sata_data_1/adintel/ADINTEL_DATA_2016/nielsen_extracts/AdIntel/2016/References/MagazineGenre.tsv
2016,References,OutdoorAdType.tsv,references,outdoor_ad_type,23,2,,,,/mnt/sata_data_1/adintel/ADINTEL_DATA_2016/nielsen_extracts/AdIntel/2016/References/OutdoorAdType.tsv
2016,References,ProductCategories.tsv,references,product_categories,2431,8,,,,/mnt/sata_data_1/adintel/ADINTEL_DATA_2016/nielsen_extracts/AdIntel/2016/References/ProductCategories.tsv
2016,References,Publisher.tsv,references,publisher,474,2,,,,/mnt/sata_data_1/adintel/ADINTEL_DATA_2016/nielsen_extracts/AdIntel/2016/References/Publisher.tsv
2016,References,TV_Program.tsv,references,tv_program,141089,6,,,,/mnt/sata_data_1/adintel/ADINTEL_DATA_2016/nielsen_extracts/AdIntel/2016/References/TV_Program.tsv
2016,Universe_Estimates,UEMarketBreaks.tsv,universe_estimates,ue_market_breaks,17746,34,,,,/mnt/sata_data_1/adintel/ADINTEL_DATA_2016/nielsen_extracts/AdIntel/2016/Universe_Estimates/UEMarketBreaks.tsv
2016,Universe_Estimates,UENationalTV.tsv,universe_estimates,ue_national_tv,26,41,,,,/mnt/sata_data_1/adintel/ADINTEL_DATA_2016/nielsen_extracts/AdIntel/2016/Universe_Estimates/UENationalTV.tsv
2016,Universe_Estimates,UESpotRadio.tsv,universe_estimates,ue_spot_radio,1953,20,,,,/mnt/sata_data_1/adintel/ADINTEL_DATA_2016/nielsen_extracts/AdIntel/2016/Universe_Estimates/UESpotRadio.tsv
2016,Universe_Estimates,UESpotTV.tsv,universe_estimates,ue_spot_tv,5040,24,,,,/mnt/sata_data_1/adintel/ADINTEL_DATA_2016/nielsen_extracts/AdIntel/2016/Universe_Estimates/UESpotTV.tsv
2017,Impressions,ImpNationalTV.tsv,impressions,imp_national_tv,21367923,48,,,,/mnt/sata_data_1/adintel/ADINTEL_DATA_2017/nielsen_extracts/AdIntel/2017/Impressions/ImpNationalTV.tsv
2017,Impressions,ImpSpotRadio.tsv,impressions,imp_spot_radio,58347781,24,,,,/mnt/sata_data_1/adintel/ADINTEL_DATA_2017/nielsen_extracts/AdIntel/2017/Impressions/ImpSpotRadio.tsv
2017,Impressions,ImpSpotTV.tsv,impressions,imp_spot_tv,10702704,29,,,,/mnt/sata_data_1/adintel/ADINTEL_DATA_2017/nielsen_extracts/AdIntel/2017/Impressions/ImpSpotTV.tsv
2017,Market_Breaks,IMPMarketBreaks.tsv,market_breaks,imp_market_breaks,56163056,42,,,,/mnt/sata_data_1/adintel/ADINTEL_DATA_2017/nielsen_extracts/AdIntel/2017/Market_Breaks/IMPMarketBreaks.tsv
2017,Occurrences,Cinema.tsv,occurrences,cinema,95076,14,,,,/mnt/sata_data_1/adintel/ADINTEL_DATA_2017/nielsen_extracts/AdIntel/2017/Occurrences/Cinema.tsv
2017,Occurrences,Digital.tsv,occurrences,digital,190263051,20,,,,/mnt/sata_data_1/adintel/ADINTEL_DATA_2017/nielsen_extracts/AdIntel/2017/Occurrences/Digital.tsv
2017,Occurrences,FSICoupon.tsv,occurrences,fsi_coupon,387076,14,,,,/mnt/sata_data_1/adintel/ADINTEL_DATA_2017/nielsen_extracts/AdIntel/2017/Occurrences/FSICoupon.tsv
2017,Occurrences,Internet.tsv,occurrences,internet,67934,10,,,,/mnt/sata_data_1/adintel/ADINTEL_DATA_2017/nielsen_extracts/AdIntel/2017/Occurrences/Internet.tsv
2017,Occurrences,Magazine.tsv,occurrences,magazine,132633,23,,,,/mnt/sata_data_1/adintel/ADINTEL_DATA_2017/nielsen_extracts/AdIntel/2017/Occurrences/Magazine.tsv
2017,Occurrences,NetworkTV.tsv,occurrences,network_tv,36252685,30,,,,/mnt/sata_data_1/adintel/ADINTEL_DATA_2017/nielsen_extracts/AdIntel/2017/Occurrences/NetworkTV.tsv
2017,Occurrences,Newspaper.tsv,occurrences,newspaper,1403780,13,,,,/mnt/sata_data_1/adintel/ADINTEL_DATA_2017/nielsen_extracts/AdIntel/2017/Occurrences/Newspaper.tsv
2017,Occurrences,Outdoor.tsv,occurrences,outdoor,1116729,10,,,,/mnt/sata_data_1/adintel/ADINTEL_DATA_2017/nielsen_extracts/AdIntel/2017/Occurrences/Outdoor.tsv
2017,Occurrences,Radio.tsv,occurrences,radio,58356679,14,,,,/mnt/sata_data_1/adintel/ADINTEL_DATA_2017/nielsen_extracts/AdIntel/2017/Occurrences/Radio.tsv
2017,Occurrences,SpotTV.tsv,occurrences,spot_tv,293352577,23,,,,/mnt/sata_data_1/adintel/ADINTEL_DATA_2017/nielsen_extracts/AdIntel/2017/Occurrences/SpotTV.tsv
2017,References,Advertiser.tsv,references,advertiser,2155108,4,,,,/mnt/sata_data_1/adintel/ADINTEL_DATA_2017/nielsen_extracts/AdIntel/2017/References/Advertiser.tsv
2017,References,Brand.tsv,references,brand,2988994,7,,,,/mnt/sata_data_1/adintel/ADINTEL_DATA_2017/nielsen_extracts/AdIntel/2017/References/Brand.tsv
2017,References,CinemaAdType.tsv,references,cinema_ad_type,2,2,,,,/mnt/sata_data_1/adintel/ADINTEL_DATA_2017/nielsen_extracts/AdIntel/2017/References/CinemaAdType.tsv
2017,References,CreativeDescription.tsv,references,creative_description,1716461,2,,,,/mnt/sata_data_1/adintel/ADINTEL_DATA_2017/nielsen_extracts/AdIntel/2017/References/CreativeDescription.tsv
2017,References,DigitalCreative.tsv,references,digital_creative,13334370,6,,,,/mnt/sata_data_1/adintel/ADINTEL_DATA_2017/nielsen_extracts/AdIntel/2017/References/DigitalCreative.tsv
2017,References,DigitalProxy.tsv,references,digital_proxy,69,2,,,,/mnt/sata_data_1/adintel/ADINTEL_DATA_2017/nielsen_extracts/AdIntel/2017/References/DigitalProxy.tsv
2017,References,Distributor.tsv,references,distributor,31074,9,,,,/mnt/sata_data_1/adintel/ADINTEL_DATA_2017/nielsen_extracts/AdIntel/2017/References/Distributor.tsv
2017,References,MagazineGenre.tsv,references,magazine_genre,144,2,,,,/mnt/sata_data_1/adintel/ADINTEL_DATA_2017/nielsen_extracts/AdIntel/2017/References/MagazineGenre.tsv
2017,References,OutdoorAdType.tsv,references,outdoor_ad_type,23,2,,,,/mnt/sata_data_1/adintel/ADINTEL_DATA_2017/nielsen_extracts/AdIntel/2017/References/OutdoorAdType.tsv
2017,References,ProductCategories.tsv,references,product_categories,2554,8,,,,/mnt/sata_data_1/adintel/ADINTEL_DATA_2017/nielsen_extracts/AdIntel/2017/References/ProductCategories.tsv
2017,References,Publisher.tsv,references,publisher,484,2,,,,/mnt/sata_data_1/adintel/ADINTEL_DATA_2017/nielsen_extracts/AdIntel/2017/References/Publisher.tsv
2017,References,TV_Program.tsv,references,tv_program,160411,6,,,,/mnt/sata_data_1/adintel/ADINTEL_DATA_2017/nielsen_extracts/AdIntel/2017/References/TV_Program.tsv
2017,Universe_Estimates,UEMarketBreaks.tsv,universe_estimates,ue_market_breaks,19501,34,,,,/mnt/sata_data_1/adintel/ADINTEL_DATA_2017/nielsen_extracts/AdIntel/2017/Universe_Estimates/UEMarketBreaks.tsv
2017,Universe_Estimates,UENationalTV.tsv,universe_estimates,ue_national_tv,28,41,,,,/mnt/sata_data_1/adintel/ADINTEL_DATA_2017/nielsen_extracts/AdIntel/2017/Universe_Estimates/UENationalTV.tsv
2017,Universe_Estimates,UESpotRadio.tsv,universe_estimates,ue_spot_radio,2168,20,,,,/mnt/sata_data_1/adintel/ADINTEL_DATA_2017/nielsen_extracts/AdIntel/2017/Universe_Estimates/UESpotRadio.tsv
2017,Universe_Estimates,UESpotTV.tsv,universe_estimates,ue_spot_tv,5880,24,,,,/mnt/sata_data_1/adintel/ADINTEL_DATA_2017/nielsen_extracts/AdIntel/2017/Universe_Estimates/UESpotTV.tsv
2018,Impressions,ImpNationalTV.tsv,impressions,imp_national_tv,21751270,48,,,,/mnt/sata_data_1/adintel/ADINTEL_DATA_2018/nielsen_extracts/AdIntel/2018/Impressions/ImpNationalTV.tsv
2018,Impressions,ImpSpotRadio.tsv,impressions,imp_spot_radio,59702519,24,,,,/mnt/sata_data_1/adintel/ADINTEL_DATA_2018/nielsen_extracts/AdIntel/2018/Impressions/ImpSpotRadio.tsv
2018,Impressions,ImpSpotTV.tsv,impressions,imp_spot_tv,14599608,29,,,,/mnt/sata_data_1/adintel/ADINTEL_DATA_2018/nielsen_extracts/AdIntel/2018/Impressions/ImpSpotTV.tsv
2018,Market_Breaks,IMPMarketBreaks.tsv,market_breaks,imp_market_breaks,57406170,42,,,,/mnt/sata_data_1/adintel/ADINTEL_DATA_2018/nielsen_extracts/AdIntel/2018/Market_Breaks/IMPMarketBreaks.tsv
2018,Occurrences,Cinema.tsv,occurrences,cinema,87138,14,,,,/mnt/sata_data_1/adintel/ADINTEL_DATA_2018/nielsen_extracts/AdIntel/2018/Occurrences/Cinema.tsv
2018,Occurrences,Digital.tsv,occurrences,digital,189259856,20,,,,/mnt/sata_data_1/adintel/ADINTEL_DATA_2018/nielsen_extracts/AdIntel/2018/Occurrences/Digital.tsv
2018,Occurrences,FSICoupon.tsv,occurrences,fsi_coupon,340417,14,,,,/mnt/sata_data_1/adintel/ADINTEL_DATA_2018/nielsen_extracts/AdIntel/2018/Occurrences/FSICoupon.tsv
2018,Occurrences,Internet.tsv,occurrences,internet,0,10,,,,/mnt/sata_data_1/adintel/ADINTEL_DATA_2018/nielsen_extracts/AdIntel/2018/Occurrences/Internet.tsv
2018,Occurrences,Magazine.tsv,occurrences,magazine,118684,23,,,,/mnt/sata_data_1/adintel/ADINTEL_DATA_2018/nielsen_extracts/AdIntel/2018/Occurrences/Magazine.tsv
2018,Occurrences,NetworkTV.tsv,occurrences,network_tv,38346531,30,,,,/mnt/sata_data_1/adintel/ADINTEL_DATA_2018/nielsen_extracts/AdIntel/2018/Occurrences/NetworkTV.tsv
2018,Occurrences,Newspaper.tsv,occurrences,newspaper,1335944,13,,,,/mnt/sata_data_1/adintel/ADINTEL_DATA_2018/nielsen_extracts/AdIntel/2018/Occurrences/Newspaper.tsv
2018,Occurrences,Outdoor.tsv,occurrences,outdoor,1131924,10,,,,/mnt/sata_data_1/adintel/ADINTEL_DATA_2018/nielsen_extracts/AdIntel/2018/Occurrences/Outdoor.tsv
2018,Occurrences,Radio.tsv,occurrences,radio,59712606,14,,,,/mnt/sata_data_1/adintel/ADINTEL_DATA_2018/nielsen_extracts/AdIntel/2018/Occurrences/Radio.tsv
2018,Occurrences,SpotTV.tsv,occurrences,spot_tv,293983724,23,,,,/mnt/sata_data_1/adintel/ADINTEL_DATA_2018/nielsen_extracts/AdIntel/2018/Occurrences/SpotTV.tsv
2018,References,Advertiser.tsv,references,advertiser,2249522,4,,,,/mnt/sata_data_1/adintel/ADINTEL_DATA_2018/nielsen_extracts/AdIntel/2018/References/Advertiser.tsv
2018,References,Brand.tsv,references,brand,3106900,7,,,,/mnt/sata_data_1/adintel/ADINTEL_DATA_2018/nielsen_extracts/AdIntel/2018/References/Brand.tsv
2018,References,CinemaAdType.tsv,references,cinema_ad_type,2,2,,,,/mnt/sata_data_1/adintel/ADINTEL_DATA_2018/nielsen_extracts/AdIntel/2018/References/CinemaAdType.tsv
2018,References,CreativeDescription.tsv,references,creative_description,1887925,2,,,,/mnt/sata_data_1/adintel/ADINTEL_DATA_2018/nielsen_extracts/AdIntel/2018/References/CreativeDescription.tsv
2018,References,DigitalCreative.tsv,references,digital_creative,30641145,6,,,,/mnt/sata_data_1/adintel/ADINTEL_DATA_2018/nielsen_extracts/AdIntel/2018/References/DigitalCreative.tsv
2018,References,DigitalProxy.tsv,references,digital_proxy,76,2,,,,/mnt/sata_data_1/adintel/ADINTEL_DATA_2018/nielsen_extracts/AdIntel/2018/References/DigitalProxy.tsv
2018,References,Distributor.tsv,references,distributor,31118,9,,,,/mnt/sata_data_1/adintel/ADINTEL_DATA_2018/nielsen_extracts/AdIntel/2018/References/Distributor.tsv
2018,References,MagazineGenre.tsv,references,magazine_genre,144,2,,,,/mnt/sata_data_1/adintel/ADINTEL_DATA_2018/nielsen_extracts/AdIntel/2018/References/MagazineGenre.tsv
2018,References,OutdoorAdType.tsv,references,outdoor_ad_type,23,2,,,,/mnt/sata_data_1/adintel/ADINTEL_DATA_2018/nielsen_extracts/AdIntel/2018/References/OutdoorAdType.tsv
2018,References,ProductCategories.tsv,references,product_categories,2728,8,,,,/mnt/sata_data_1/adintel/ADINTEL_DATA_2018/nielsen_extracts/AdIntel/2018/References/ProductCategories.tsv
2018,References,Publisher.tsv,references,publisher,484,2,,,,/mnt/sata_data_1/adintel/ADINTEL_DATA_2018/nielsen_extracts/AdIntel/2018/References/Publisher.tsv
2018,References,TV_Program.tsv,references,tv_program,180128,6,,,,/mnt/sata_data_1/adintel/ADINTEL_DATA_2018/nielsen_extracts/AdIntel/2018/References/TV_Program.tsv
2018,Universe_Estimates,UEMarketBreaks.tsv,universe_estimates,ue_market_breaks,20663,34,,,,/mnt/sata_data_1/adintel/ADINTEL_DATA_2018/nielsen_extracts/AdIntel/2018/Universe_Estimates/UEMarketBreaks.tsv
2018,Universe_Estimates,UENationalTV.tsv,universe_estimates,ue_national_tv,30,41,,,,/mnt/sata_data_1/adintel/ADINTEL_DATA_2018/nielsen_extracts/AdIntel/2018/Universe_Estimates/UENationalTV.tsv
2018,Universe_Estimates,UESpotRadio.tsv,universe_estimates,ue_spot_radio,2297,20,,,,/mnt/sata_data_1/adintel/ADINTEL_DATA_2018/nielsen_extracts/AdIntel/2018/Universe_Estimates/UESpotRadio.tsv
2018,Universe_Estimates,UESpotTV.tsv,universe_estimates,ue_spot_tv,6300,24,,,,/mnt/sata_data_1/adintel/ADINTEL_DATA_2018/nielsen_extracts/AdIntel/2018/Universe_Estimates/UESpotTV.tsv
2019,Impressions,ImpNationalTV.tsv,impressions,imp_national_tv,21800509,48,,,,/mnt/sata_data_1/adintel/ADINTEL_DATA_2019/nielsen_extracts/AdIntel/2019/Impressions/ImpNationalTV.tsv
2019,Impressions,ImpSpotRadio.tsv,impressions,imp_spot_radio,59619714,24,,,,/mnt/sata_data_1/adintel/ADINTEL_DATA_2019/nielsen_extracts/AdIntel/2019/Impressions/ImpSpotRadio.tsv
2019,Impressions,ImpSpotTV.tsv,impressions,imp_spot_tv,17561748,29,,,,/mnt/sata_data_1/adintel/ADINTEL_DATA_2019/nielsen_extracts/AdIntel/2019/Impressions/ImpSpotTV.tsv
2019,Market_Breaks,IMPMarketBreaks.tsv,market_breaks,imp_market_breaks,62849590,42,,,,/mnt/sata_data_1/adintel/ADINTEL_DATA_2019/nielsen_extracts/AdIntel/2019/Market_Breaks/IMPMarketBreaks.tsv
2019,Occurrences,Cinema.tsv,occurrences,cinema,94077,14,,,,/mnt/sata_data_1/adintel/ADINTEL_DATA_2019/nielsen_extracts/AdIntel/2019/Occurrences/Cinema.tsv
2019,Occurrences,Digital.tsv,occurrences,digital,219561672,20,,,,/mnt/sata_data_1/adintel/ADINTEL_DATA_2019/nielsen_extracts/AdIntel/2019/Occurrences/Digital.tsv
2019,Occurrences,FSICoupon.tsv,occurrences,fsi_coupon,291574,14,,,,/mnt/sata_data_1/adintel/ADINTEL_DATA_2019/nielsen_extracts/AdIntel/2019/Occurrences/FSICoupon.tsv
2019,Occurrences,Internet.tsv,occurrences,internet,0,10,,,,/mnt/sata_data_1/adintel/ADINTEL_DATA_2019/nielsen_extracts/AdIntel/2019/Occurrences/Internet.tsv
2019,Occurrences,Magazine.tsv,occurrences,magazine,56734,23,,,,/mnt/sata_data_1/adintel/ADINTEL_DATA_2019/nielsen_extracts/AdIntel/2019/Occurrences/Magazine.tsv
2019,Occurrences,NetworkTV.tsv,occurrences,network_tv,41130206,30,,,,/mnt/sata_data_1/adintel/ADINTEL_DATA_2019/nielsen_extracts/AdIntel/2019/Occurrences/NetworkTV.tsv
2019,Occurrences,Newspaper.tsv,occurrences,newspaper,1178942,13,,,,/mnt/sata_data_1/adintel/ADINTEL_DATA_2019/nielsen_extracts/AdIntel/2019/Occurrences/Newspaper.tsv
2019,Occurrences,Outdoor.tsv,occurrences,outdoor,1126673,10,,,,/mnt/sata_data_1/adintel/ADINTEL_DATA_2019/nielsen_extracts/AdIntel/2019/Occurrences/Outdoor.tsv
2019,Occurrences,Radio.tsv,occurrences,radio,59625974,14,,,,/mnt/sata_data_1/adintel/ADINTEL_DATA_2019/nielsen_extracts/AdIntel/2019/Occurrences/Radio.tsv
2019,Occurrences,SpotTV.tsv,occurrences,spot_tv,313737850,23,,,,/mnt/sata_data_1/adintel/ADINTEL_DATA_2019/nielsen_extracts/AdIntel/2019/Occurrences/SpotTV.tsv
2019,References,Advertiser.tsv,references,advertiser,2391591,4,,,,/mnt/sata_data_1/adintel/ADINTEL_DATA_2019/nielsen_extracts/AdIntel/2019/References/Advertiser.tsv
2019,References,Brand.tsv,references,brand,3317907,7,,,,/mnt/sata_data_1/adintel/ADINTEL_DATA_2019/nielsen_extracts/AdIntel/2019/References/Brand.tsv
2019,References,CinemaAdType.tsv,references,cinema_ad_type,2,2,,,,/mnt/sata_data_1/adintel/ADINTEL_DATA_2019/nielsen_extracts/AdIntel/2019/References/CinemaAdType.tsv
2019,References,CreativeDescription.tsv,references,creative_description,2044528,2,,,,/mnt/sata_data_1/adintel/ADINTEL_DATA_2019/nielsen_extracts/AdIntel/2019/References/CreativeDescription.tsv
2019,References,DigitalCreative.tsv,references,digital_creative,21574266,6,,,,/mnt/sata_data_1/adintel/ADINTEL_DATA_2019/nielsen_extracts/AdIntel/2019/References/DigitalCreative.tsv
2019,References,DigitalProxy.tsv,references,digital_proxy,144,2,,,,/mnt/sata_data_1/adintel/ADINTEL_DATA_2019/nielsen_extracts/AdIntel/2019/References/DigitalProxy.tsv
2019,References,Distributor.tsv,references,distributor,75830,9,,,,/mnt/sata_data_1/adintel/ADINTEL_DATA_2019/nielsen_extracts/AdIntel/2019/References/Distributor.tsv
2019,References,MagazineGenre.tsv,references,magazine_genre,144,2,,,,/mnt/sata_data_1/adintel/ADINTEL_DATA_2019/nielsen_extracts/AdIntel/2019/References/MagazineGenre.tsv
2019,References,OutdoorAdType.tsv,references,outdoor_ad_type,23,2,,,,/mnt/sata_data_1/adintel/ADINTEL_DATA_2019/nielsen_extracts/AdIntel/2019/References/OutdoorAdType.tsv
2019,References,ProductCategories.tsv,references,product_categories,2772,8,,,,/mnt/sata_data_1/adintel/ADINTEL_DATA_2019/nielsen_extracts/AdIntel/2019/References/ProductCategories.tsv
2019,References,Publisher.tsv,references,publisher,490,2,,,,/mnt/sata_data_1/adintel/ADINTEL_DATA_2019/nielsen_extracts/AdIntel/2019/References/Publisher.tsv
2019,References,TV_Program.tsv,references,tv_program,199028,6,,,,/mnt/sata_data_1/adintel/ADINTEL_DATA_2019/nielsen_extracts/AdIntel/2019/References/TV_Program.tsv
2019,Universe_Estimates,UEMarketBreaks.tsv,universe_estimates,ue_market_breaks,22055,34,,,,/mnt/sata_data_1/adintel/ADINTEL_DATA_2019/nielsen_extracts/AdIntel/2019/Universe_Estimates/UEMarketBreaks.tsv
2019,Universe_Estimates,UENationalTV.tsv,universe_estimates,ue_national_tv,31,41,,,,/mnt/sata_data_1/adintel/ADINTEL_DATA_2019/nielsen_extracts/AdIntel/2019/Universe_Estimates/UENationalTV.tsv
2019,Universe_Estimates,UESpotRadio.tsv,universe_estimates,ue_spot_radio,2469,20,,,,/mnt/sata_data_1/adintel/ADINTEL_DATA_2019/nielsen_extracts/AdIntel/2019/Universe_Estimates/UESpotRadio.tsv
2019,Universe_Estimates,UESpotTV.tsv,universe_estimates,ue_spot_tv,6720,24,,,,/mnt/sata_data_1/adintel/ADINTEL_DATA_2019/nielsen_extracts/AdIntel/2019/Universe_Estimates/UESpotTV.tsv
2020,Impressions,ImpNationalTV.tsv,impressions,imp_national_tv,21273787,48,,,,/mnt/sata_data_1/adintel/ADINTEL_DATA_2020/nielsen_extracts/AdIntel/2020/Impressions/ImpNationalTV.tsv
2020,Impressions,ImpSpotRadio.tsv,impressions,imp_spot_radio,54371182,24,,,,/mnt/sata_data_1/adintel/ADINTEL_DATA_2020/nielsen_extracts/AdIntel/2020/Impressions/ImpSpotRadio.tsv
2020,Impressions,ImpSpotTV.tsv,impressions,imp_spot_tv,15923074,29,,,,/mnt/sata_data_1/adintel/ADINTEL_DATA_2020/nielsen_extracts/AdIntel/2020/Impressions/ImpSpotTV.tsv
2020,Market_Breaks,IMPMarketBreaks.tsv,market_breaks,imp_market_breaks,62534120,42,,,,/mnt/sata_data_1/adintel/ADINTEL_DATA_2020/nielsen_extracts/AdIntel/2020/Market_Breaks/IMPMarketBreaks.tsv
2020,Occurrences,Cinema.tsv,occurrences,cinema,25522,14,,,,/mnt/sata_data_1/adintel/ADINTEL_DATA_2020/nielsen_extracts/AdIntel/2020/Occurrences/Cinema.tsv
2020,Occurrences,Digital.tsv,occurrences,digital,370443864,20,,,,/mnt/sata_data_1/adintel/ADINTEL_DATA_2020/nielsen_extracts/AdIntel/2020/Occurrences/Digital.tsv
2020,Occurrences,FSICoupon.tsv,occurrences,fsi_coupon,223347,14,,,,/mnt/sata_data_1/adintel/ADINTEL_DATA_2020/nielsen_extracts/AdIntel/2020/Occurrences/FSICoupon.tsv
2020,Occurrences,Internet.tsv,occurrences,internet,0,10,,,,/mnt/sata_data_1/adintel/ADINTEL_DATA_2020/nielsen_extracts/AdIntel/2020/Occurrences/Internet.tsv
2020,Occurrences,Magazine.tsv,occurrences,magazine,67068,23,,,,/mnt/sata_data_1/adintel/ADINTEL_DATA_2020/nielsen_extracts/AdIntel/2020/Occurrences/Magazine.tsv
2020,Occurrences,NetworkTV.tsv,occurrences,network_tv,41486848,30,,,,/mnt/sata_data_1/adintel/ADINTEL_DATA_2020/nielsen_extracts/AdIntel/2020/Occurrences/NetworkTV.tsv
2020,Occurrences,Newspaper.tsv,occurrences,newspaper,870813,13,,,,/mnt/sata_data_1/adintel/ADINTEL_DATA_2020/nielsen_extracts/AdIntel/2020/Occurrences/Newspaper.tsv
2020,Occurrences,Outdoor.tsv,occurrences,outdoor,981418,10,,,,/mnt/sata_data_1/adintel/ADINTEL_DATA_2020/nielsen_extracts/AdIntel/2020/Occurrences/Outdoor.tsv
2020,Occurrences,Radio.tsv,occurrences,radio,54743904,14,,,,/mnt/sata_data_1/adintel/ADINTEL_DATA_2020/nielsen_extracts/AdIntel/2020/Occurrences/Radio.tsv
2020,Occurrences,SpotTV.tsv,occurrences,spot_tv,303889562,23,,,,/mnt/sata_data_1/adintel/ADINTEL_DATA_2020/nielsen_extracts/AdIntel/2020/Occurrences/SpotTV.tsv
2020,References,Advertiser.tsv,references,advertiser,2791076,4,,,,/mnt/sata_data_1/adintel/ADINTEL_DATA_2020/nielsen_extracts/AdIntel/2020/References/Advertiser.tsv
2020,References,Brand.tsv,references,brand,3805114,7,,,,/mnt/sata_data_1/adintel/ADINTEL_DATA_2020/nielsen_extracts/AdIntel/2020/References/Brand.tsv
2020,References,CinemaAdType.tsv,references,cinema_ad_type,2,2,,,,/mnt/sata_data_1/adintel/ADINTEL_DATA_2020/nielsen_extracts/AdIntel/2020/References/CinemaAdType.tsv
2020,References,CreativeDescription.tsv,references,creative_description,2178943,2,,,,/mnt/sata_data_1/adintel/ADINTEL_DATA_2020/nielsen_extracts/AdIntel/2020/References/CreativeDescription.tsv
2020,References,DigitalCreative.tsv,references,digital_creative,107687633,6,,,,/mnt/sata_data_1/adintel/ADINTEL_DATA_2020/nielsen_extracts/AdIntel/2020/References/DigitalCreative.tsv
2020,References,DigitalProxy.tsv,references,digital_proxy,6469,2,,,,/mnt/sata_data_1/adintel/ADINTEL_DATA_2020/nielsen_extracts/AdIntel/2020/References/DigitalProxy.tsv
2020,References,Distributor.tsv,references,distributor,79197,9,,,,/mnt/sata_data_1/adintel/ADINTEL_DATA_2020/nielsen_extracts/AdIntel/2020/References/Distributor.tsv
2020,References,MagazineGenre.tsv,references,magazine_genre,144,2,,,,/mnt/sata_data_1/adintel/ADINTEL_DATA_2020/nielsen_extracts/AdIntel/2020/References/MagazineGenre.tsv
2020,References,OutdoorAdType.tsv,references,outdoor_ad_type,23,2,,,,/mnt/sata_data_1/adintel/ADINTEL_DATA_2020/nielsen_extracts/AdIntel/2020/References/OutdoorAdType.tsv
2020,References,ProductCategories.tsv,references,product_categories,2833,8,,,,/mnt/sata_data_1/adintel/ADINTEL_DATA_2020/nielsen_extracts/AdIntel/2020/References/ProductCategories.tsv
2020,References,Publisher.tsv,references,publisher,500,2,,,,/mnt/sata_data_1/adintel/ADINTEL_DATA_2020/nielsen_extracts/AdIntel/2020/References/Publisher.tsv
2020,References,TV_Program.tsv,references,tv_program,220387,6,,,,/mnt/sata_data_1/adintel/ADINTEL_DATA_2020/nielsen_extracts/AdIntel/2020/References/TV_Program.tsv
2020,Universe_Estimates,UEMarketBreaks.tsv,universe_estimates,ue_market_breaks,23331,34,,,,/mnt/sata_data_1/adintel/ADINTEL_DATA_2020/nielsen_extracts/AdIntel/2020/Universe_Estimates/UEMarketBreaks.tsv
2020,Universe_Estimates,UENationalTV.tsv,universe_estimates,ue_national_tv,34,41,,,,/mnt/sata_data_1/adintel/ADINTEL_DATA_2020/nielsen_extracts/AdIntel/2020/Universe_Estimates/UENationalTV.tsv
2020,Universe_Estimates,UESpotRadio.tsv,universe_estimates,ue_spot_radio,2644,20,,,,/mnt/sata_data_1/adintel/ADINTEL_DATA_2020/nielsen_extracts/AdIntel/2020/Universe_Estimates/UESpotRadio.tsv
2020,Universe_Estimates,UESpotTV.tsv,universe_estimates,ue_spot_tv,6720,24,,,,/mnt/sata_data_1/adintel/ADINTEL_DATA_2020/nielsen_extracts/AdIntel/2020/Universe_Estimates/UESpotTV.tsv
2021,Impressions,ImpNationalTV.tsv,impressions,imp_national_tv,9810654,48,,,,/mnt/sata_data_1/adintel/ADINTEL_DATA_2021/nielsen_extracts/AdIntel/2021/Impressions/ImpNationalTV.tsv
2021,Impressions,ImpSpotRadio.tsv,impressions,imp_spot_radio,60116134,24,,,,/mnt/sata_data_1/adintel/ADINTEL_DATA_2021/nielsen_extracts/AdIntel/2021/Impressions/ImpSpotRadio.tsv
2021,Impressions,ImpSpotTV.tsv,impressions,imp_spot_tv,8861746,29,,,,/mnt/sata_data_1/adintel/ADINTEL_DATA_2021/nielsen_extracts/AdIntel/2021/Impressions/ImpSpotTV.tsv
2021,Market_Breaks,IMPMarketBreaks.tsv,market_breaks,imp_market_breaks,62344892,42,,,,/mnt/sata_data_1/adintel/ADINTEL_DATA_2021/nielsen_extracts/AdIntel/2021/Market_Breaks/IMPMarketBreaks.tsv
2021,Occurrences,Cinema.tsv,occurrences,cinema,23986,14,,,,/mnt/sata_data_1/adintel/ADINTEL_DATA_2021/nielsen_extracts/AdIntel/2021/Occurrences/Cinema.tsv
2021,Occurrences,Digital.tsv,occurrences,digital,1008794487,20,,,,/mnt/sata_data_1/adintel/ADINTEL_DATA_2021/nielsen_extracts/AdIntel/2021/Occurrences/Digital.tsv
2021,Occurrences,FSICoupon.tsv,occurrences,fsi_coupon,0,14,,,,/mnt/sata_data_1/adintel/ADINTEL_DATA_2021/nielsen_extracts/AdIntel/2021/Occurrences/FSICoupon.tsv
2021,Occurrences,Internet.tsv,occurrences,internet,0,10,,,,/mnt/sata_data_1/adintel/ADINTEL_DATA_2021/nielsen_extracts/AdIntel/2021/Occurrences/Internet.tsv
2021,Occurrences,Magazine.tsv,occurrences,magazine,64890,23,,,,/mnt/sata_data_1/adintel/ADINTEL_DATA_2021/nielsen_extracts/AdIntel/2021/Occurrences/Magazine.tsv
2021,Occurrences,NetworkTV.tsv,occurrences,network_tv,44266268,30,,,,/mnt/sata_data_1/adintel/ADINTEL_DATA_2021/nielsen_extracts/AdIntel/2021/Occurrences/NetworkTV.tsv
2021,Occurrences,Newspaper.tsv,occurrences,newspaper,902681,13,,,,/mnt/sata_data_1/adintel/ADINTEL_DATA_2021/nielsen_extracts/AdIntel/2021/Occurrences/Newspaper.tsv
2021,Occurrences,Outdoor.tsv,occurrences,outdoor,1094719,10,,,,/mnt/sata_data_1/adintel/ADINTEL_DATA_2021/nielsen_extracts/AdIntel/2021/Occurrences/Outdoor.tsv
2021,Occurrences,Radio.tsv,occurrences,radio,62431896,14,,,,/mnt/sata_data_1/adintel/ADINTEL_DATA_2021/nielsen_extracts/AdIntel/2021/Occurrences/Radio.tsv
2021,Occurrences,SpotTV.tsv,occurrences,spot_tv,280821710,23,,,,/mnt/sata_data_1/adintel/ADINTEL_DATA_2021/nielsen_extracts/AdIntel/2021/Occurrences/SpotTV.tsv
2021,References,Advertiser.tsv,references,advertiser,2842486,4,,,,/mnt/sata_data_1/adintel/ADINTEL_DATA_2021/nielsen_extracts/AdIntel/2021/References/Advertiser.tsv
2021,References,Brand.tsv,references,brand,3870451,7,,,,/mnt/sata_data_1/adintel/ADINTEL_DATA_2021/nielsen_extracts/AdIntel/2021/References/Brand.tsv
2021,References,CinemaAdType.tsv,references,cinema_ad_type,2,2,,,,/mnt/sata_data_1/adintel/ADINTEL_DATA_2021/nielsen_extracts/AdIntel/2021/References/CinemaAdType.tsv
2021,References,CreativeDescription.tsv,references,creative_description,2294452,2,,,,/mnt/sata_data_1/adintel/ADINTEL_DATA_2021/nielsen_extracts/AdIntel/2021/References/CreativeDescription.tsv
2021,References,DigitalCreative.tsv,references,digital_creative,119196843,6,,,,/mnt/sata_data_1/adintel/ADINTEL_DATA_2021/nielsen_extracts/AdIntel/2021/References/DigitalCreative.tsv
2021,References,DigitalProxy.tsv,references,digital_proxy,6912,2,,,,/mnt/sata_data_1/adintel/ADINTEL_DATA_2021/nielsen_extracts/AdIntel/2021/References/DigitalProxy.tsv
2021,References,Distributor.tsv,references,distributor,79251,9,,,,/mnt/sata_data_1/adintel/ADINTEL_DATA_2021/nielsen_extracts/AdIntel/2021/References/Distributor.tsv
2021,References,MagazineGenre.tsv,references,magazine_genre,144,2,,,,/mnt/sata_data_1/adintel/ADINTEL_DATA_2021/nielsen_extracts/AdIntel/2021/References/MagazineGenre.tsv
2021,References,OutdoorAdType.tsv,references,outdoor_ad_type,23,2,,,,/mnt/sata_data_1/adintel/ADINTEL_DATA_2021/nielsen_extracts/AdIntel/2021/References/OutdoorAdType.tsv
2021,References,ProductCategories.tsv,references,product_categories,2842,8,,,,/mnt/sata_data_1/adintel/ADINTEL_DATA_2021/nielsen_extracts/AdIntel/2021/References/ProductCategories.tsv
2021,References,Publisher.tsv,references,publisher,503,2,,,,/mnt/sata_data_1/adintel/ADINTEL_DATA_2021/nielsen_extracts/AdIntel/2021/References/Publisher.tsv
2021,References,TV_Program.tsv,references,tv_program,239318,6,,,,/mnt/sata_data_1/adintel/ADINTEL_DATA_2021/nielsen_extracts/AdIntel/2021/References/TV_Program.tsv
2021,Universe_Estimates,UEMarketBreaks.tsv,universe_estimates,ue_market_breaks,24027,34,,,,/mnt/sata_data_1/adintel/ADINTEL_DATA_2021/nielsen_extracts/AdIntel/2021/Universe_Estimates/UEMarketBreaks.tsv
2021,Universe_Estimates,UENationalTV.tsv,universe_estimates,ue_national_tv,34,41,,,,/mnt/sata_data_1/adintel/ADINTEL_DATA_2021/nielsen_extracts/AdIntel/2021/Universe_Estimates/UENationalTV.tsv
2021,Universe_Estimates,UESpotRadio.tsv,universe_estimates,ue_spot_radio,2731,20,,,,/mnt/sata_data_1/adintel/ADINTEL_DATA_2021/nielsen_extracts/AdIntel/2021/Universe_Estimates/UESpotRadio.tsv
2021,Universe_Estimates,UESpotTV.tsv,universe_estimates,ue_spot_tv,7140,24,,,,/mnt/sata_data_1/adintel/ADINTEL_DATA_2021/nielsen_extracts/AdIntel/2021/Universe_Estimates/UESpotTV.tsv
NA,References,CinemaMPAARating.tsv,references,cinema_mpaa_rating,16,2,,,,/mnt/sata_data_1/adintel/ADINTEL_DATA_2021/nielsen_extracts/AdIntel/Master_Files/Latest/CinemaMPAARating.tsv
NA,References,DigitalAdPlatform.tsv,references,digital_ad_platform,2,2,,,,/mnt/sata_data_1/adintel/ADINTEL_DATA_2021/nielsen_extracts/AdIntel/Master_Files/Latest/DigitalAdPlatform.tsv
NA,References,DigitalAdTechnology.tsv,references,digital_ad_technology,14,2,,,,/mnt/sata_data_1/adintel/ADINTEL_DATA_2021/nielsen_extracts/AdIntel/Master_Files/Latest/DigitalAdTechnology.tsv
NA,References,DigitalAdType.tsv,references,digital_ad_type,2,2,,,,/mnt/sata_data_1/adintel/ADINTEL_DATA_2021/nielsen_extracts/AdIntel/Master_Files/Latest/DigitalAdType.tsv
NA,References,DigitalBuyType.tsv,references,digital_buy_type,3,2,,,,/mnt/sata_data_1/adintel/ADINTEL_DATA_2021/nielsen_extracts/AdIntel/Master_Files/Latest/DigitalBuyType.tsv
NA,References,DigitalGenre.tsv,references,digital_genre,132,2,,,,/mnt/sata_data_1/adintel/ADINTEL_DATA_2021/nielsen_extracts/AdIntel/Master_Files/Latest/DigitalGenre.tsv
NA,References,Market.tsv,references,market,211,2,,,,/mnt/sata_data_1/adintel/ADINTEL_DATA_2021/nielsen_extracts/AdIntel/Master_Files/Latest/Market.tsv
NA,References,Market_Breaks.tsv,references,market_breaks,118,2,,,,/mnt/sata_data_1/adintel/ADINTEL_DATA_2021/nielsen_extracts/AdIntel/Master_Files/Latest/Market_Breaks.tsv
NA,References,MediaType.tsv,references,media_type,27,2,,,,/mnt/sata_data_1/adintel/ADINTEL_DATA_2021/nielsen_extracts/AdIntel/Master_Files/Latest/MediaType.tsv
NA,References,Newspaper_Event.tsv,references,newspaper_event,23,2,,,,/mnt/sata_data_1/adintel/ADINTEL_DATA_2021/nielsen_extracts/AdIntel/Master_Files/Latest/Newspaper_Event.tsv
NA,References,Newspaper_Section.tsv,references,newspaper_section,56,2,,,,/mnt/sata_data_1/adintel/ADINTEL_DATA_2021/nielsen_extracts/AdIntel/Master_Files/Latest/Newspaper_Section.tsv
NA,References,TV_Daypart.tsv,references,tv_daypart,9,2,,,,/mnt/sata_data_1/adintel/ADINTEL_DATA_2021/nielsen_extracts/AdIntel/Master_Files/Latest/TV_Daypart.tsv
NA,References,TV_ProgramSubType.tsv,references,tv_program_sub_type,42,2,,,,/mnt/sata_data_1/adintel/ADINTEL_DATA_2021/nielsen_extracts/AdIntel/Master_Files/Latest/TV_ProgramSubType.tsv
NA,References,TV_ProgramType.tsv,references,tv_program_type,41,2,,,,/mnt/sata_data_1/adintel/ADINTEL_DATA_2021/nielsen_extracts/AdIntel/Master_Files/Latest/TV_ProgramType.tsv
NA,References,Tv_ProgramEvent.tsv,references,tv_program_event,62,2,,,,/mnt/sata_data_1/adintel/ADINTEL_DATA_2021/nielsen_extracts/AdIntel/Master_Files/Latest/Tv_ProgramEvent.tsv
